fecha;carta;web;total
1/01/2016;3;1;4
2/01/2016;4;5;9
3/01/2016;4;3;7
4/01/2016;28;2;30
5/01/2016;23;6;29
6/01/2016;24;7;31
7/01/2016;22;6;28
8/01/2016;27;12;39
9/01/2016;4;2;6
10/01/2016;3;0;3
11/01/2016;4;1;5
12/01/2016;31;16;47
13/01/2016;38;9;47
14/01/2016;60;21;81
15/01/2016;36;14;50
16/01/2016;11;4;15
17/01/2016;4;4;8
18/01/2016;37;12;49
19/01/2016;29;20;49
20/01/2016;27;16;43
21/01/2016;35;13;48
22/01/2016;33;13;46
23/01/2016;4;4;8
24/01/2016;;4;4
25/01/2016;38;18;56
26/01/2016;47;13;60
27/01/2016;35;14;49
28/01/2016;38;10;48
29/01/2016;35;8;43
30/01/2016;11;1;12
31/01/2016;1;0;1
1/02/2016;29;6;35
2/02/2016;32;14;46
3/02/2016;27;21;48
4/02/2016;33;17;50
5/02/2016;21;7;28
6/02/2016;7;6;13
7/02/2016;3;3;6
8/02/2016;44;17;61
9/02/2016;47;19;66
10/02/2016;47;24;71
11/02/2016;40;19;59
12/02/2016;35;10;45
13/02/2016;3;4;7
14/02/2016;3;2;5
15/02/2016;44;18;62
16/02/2016;37;23;60
17/02/2016;48;17;65
18/02/2016;54;9;63
19/02/2016;30;11;41
20/02/2016;10;7;17
22/02/2016;35;0;35
23/02/2016;37;9;46
24/02/2016;40;12;52
25/02/2016;38;3;41
26/02/2016;17;0;17
27/02/2016;3;0;3
29/02/2016;26;1;27
1/03/2016;19;1;20
2/03/2016;21;0;21
3/03/2016;23;1;24
4/03/2016;38;20;58
5/03/2016;4;4;8
6/03/2016;4;3;7
7/03/2016;48;21;69
8/03/2016;38;20;58
9/03/2016;45;22;67
10/03/2016;58;21;79
11/03/2016;37;25;62
12/03/2016;4;2;6
13/03/2016;2;1;3
14/03/2016;64;32;96
15/03/2016;77;41;118
16/03/2016;57;32;89
17/03/2016;58;27;85
18/03/2016;49;16;65
19/03/2016;11;7;18
20/03/2016;2;3;5
21/03/2016;6;4;10
22/03/2016;58;15;73
23/03/2016;44;16;60
24/03/2016;1;2;3
25/03/2016;3;2;5
26/03/2016;3;4;7
27/03/2016;3;2;5
28/03/2016;70;18;88
29/03/2016;33;14;47
30/03/2016;48;10;58
31/03/2016;34;10;44
1/04/2016;33;11;44
2/04/2016;2;4;6
3/04/2016;4;1;5
4/04/2016;32;12;44
5/04/2016;46;14;60
6/04/2016;41;14;55
7/04/2016;41;19;60
8/04/2016;52;14;66
9/04/2016;7;8;15
10/04/2016;2;1;3
11/04/2016;38;17;55
12/04/2016;41;18;59
13/04/2016;32;17;49
14/04/2016;23;21;44
15/04/2016;40;11;51
16/04/2016;11;5;16
17/04/2016;4;2;6
18/04/2016;40;23;63
19/04/2016;53;15;68
20/04/2016;42;23;65
21/04/2016;62;36;98
22/04/2016;81;38;119
23/04/2016;26;18;44
24/04/2016;5;3;8
25/04/2016;48;13;61
26/04/2016;33;15;48
27/04/2016;64;21;85
28/04/2016;36;13;49
29/04/2016;22;16;38
30/04/2016;5;4;9
1/05/2016;1;4;5
2/05/2016;36;17;53
3/05/2016;35;18;53
4/05/2016;39;26;65
5/05/2016;49;17;66
6/05/2016;42;6;48
7/05/2016;11;5;16
8/05/2016;4;3;7
9/05/2016;8;0;8
10/05/2016;51;23;74
11/05/2016;76;21;97
12/05/2016;66;15;81
13/05/2016;63;16;79
14/05/2016;19;7;26
15/05/2016;9;9;18
16/05/2016;89;29;118
17/05/2016;69;28;97
18/05/2016;96;46;142
19/05/2016;91;31;122
20/05/2016;82;27;109
21/05/2016;12;9;21
22/05/2016;7;7;14
23/05/2016;68;38;106
24/05/2016;68;31;99
25/05/2016;61;16;77
26/05/2016;65;23;88
27/05/2016;26;18;44
28/05/2016;5;3;8
29/05/2016;2;3;5
30/05/2016;4;6;10
31/05/2016;55;16;71
1/06/2016;67;13;80
2/06/2016;58;12;70
3/06/2016;42;13;55
4/06/2016;8;5;13
5/06/2016;4;2;6
6/06/2016;3;3;6
7/06/2016;36;21;57
8/06/2016;43;19;62
9/06/2016;42;25;67
10/06/2016;36;14;50
11/06/2016;12;6;18
12/06/2016;2;2;4
13/06/2016;45;22;67
14/06/2016;42;19;61
15/06/2016;36;19;55
16/06/2016;47;17;64
17/06/2016;35;17;52
18/06/2016;10;8;18
19/06/2016;3;3;6
20/06/2016;35;27;62
21/06/2016;54;21;75
22/06/2016;57;23;80
23/06/2016;46;23;69
24/06/2016;23;17;40
25/06/2016;6;7;13
26/06/2016;2;2;4
27/06/2016;45;19;64
28/06/2016;35;21;56
29/06/2016;29;17;46
30/06/2016;36;20;56
1/07/2016;27;10;37
2/07/2016;3;3;6
3/07/2016;1;3;4
4/07/2016;3;3;6
5/07/2016;31;17;48
6/07/2016;34;12;46
7/07/2016;27;17;44
8/07/2016;29;16;45
9/07/2016;4;9;13
10/07/2016;7;4;11
11/07/2016;28;13;41
12/07/2016;36;22;58
13/07/2016;34;17;51
14/07/2016;26;16;42
15/07/2016;25;18;43
16/07/2016;12;8;20
17/07/2016;6;9;15
18/07/2016;48;37;85
19/07/2016;39;23;62
20/07/2016;4;7;11
21/07/2016;34;28;62
22/07/2016;23;13;36
23/07/2016;9;14;23
24/07/2016;2;4;6
25/07/2016;30;29;59
26/07/2016;28;34;62
27/07/2016;22;29;51
28/07/2016;28;12;40
29/07/2016;31;21;52
30/07/2016;9;9;18
31/07/2016;1;3;4
1/08/2016;28;23;51
2/08/2016;26;30;56
3/08/2016;19;18;37
4/08/2016;18;17;35
5/08/2016;14;18;32
6/08/2016;5;9;14
7/08/2016;1;6;7
8/08/2016;20;29;49
9/08/2016;21;20;41
10/08/2016;26;21;47
11/08/2016;28;13;41
12/08/2016;19;23;42
13/08/2016;3;14;17
14/08/2016;2;5;7
15/08/2016;1;10;11
16/08/2016;24;40;64
17/08/2016;36;34;70
18/08/2016;19;27;46
19/08/2016;16;17;33
20/08/2016;2;12;14
21/08/2016;;14;14
22/08/2016;30;37;67
23/08/2016;23;29;52
24/08/2016;33;35;68
25/08/2016;27;25;52
26/08/2016;17;15;32
27/08/2016;6;7;13
28/08/2016;2;3;5
29/08/2016;38;27;65
30/08/2016;31;19;50
31/08/2016;56;18;74
1/09/2016;19;16;35
2/09/2016;19;16;35
3/09/2016;2;6;8
4/09/2016;1;5;6
5/09/2016;31;20;51
6/09/2016;27;23;50
7/09/2016;12;17;29
8/09/2016;43;23;66
9/09/2016;37;19;56
10/09/2016;6;3;9
11/09/2016;2;6;8
12/09/2016;22;27;49
13/09/2016;21;29;50
14/09/2016;33;31;64
15/09/2016;29;35;64
16/09/2016;19;20;39
17/09/2016;6;10;16
18/09/2016;4;6;10
19/09/2016;27;25;52
20/09/2016;30;17;47
21/09/2016;31;19;50
22/09/2016;41;19;60
23/09/2016;27;13;40
24/09/2016;8;10;18
25/09/2016;2;6;8
26/09/2016;44;32;76
27/09/2016;34;20;54
28/09/2016;30;18;48
29/09/2016;42;18;60
30/09/2016;25;10;35
1/10/2016;3;6;9
2/10/2016;3;4;7
3/10/2016;65;26;91
4/10/2016;39;19;58
5/10/2016;34;16;50
6/10/2016;33;13;46
7/10/2016;26;6;32
8/10/2016;10;8;18
9/10/2016;1;6;7
10/10/2016;27;18;45
11/10/2016;31;17;48
12/10/2016;19;24;43
13/10/2016;33;22;55
14/10/2016;25;21;46
15/10/2016;6;7;13
16/10/2016;1;3;4
17/10/2016;2;3;5
18/10/2016;24;26;50
19/10/2016;39;14;53
20/10/2016;45;32;77
21/10/2016;23;14;37
22/10/2016;5;3;8
23/10/2016;4;12;16
24/10/2016;26;27;53
25/10/2016;34;28;62
26/10/2016;43;24;67
27/10/2016;26;21;47
28/10/2016;30;18;48
29/10/2016;6;7;13
30/10/2016;2;7;9
31/10/2016;25;24;49
1/11/2016;28;20;48
2/11/2016;22;19;41
3/11/2016;31;22;53
4/11/2016;17;8;25
5/11/2016;11;6;17
6/11/2016;6;5;11
7/11/2016;1;5;6
8/11/2016;29;17;46
9/11/2016;27;20;47
10/11/2016;23;11;34
11/11/2016;21;6;27
15/11/2016;25;11;36
16/11/2016;31;27;58
17/11/2016;27;8;35
18/11/2016;30;16;46
19/11/2016;4;10;14
20/11/2016;3;2;5
21/11/2016;20;21;41
22/11/2016;41;20;61
23/11/2016;23;11;34
24/11/2016;39;17;56
25/11/2016;31;9;40
26/11/2016;3;6;9
27/11/2016;2;2;4
28/11/2016;32;13;45
29/11/2016;29;16;45
30/11/2016;15;7;22
1/12/2016;23;8;31
2/12/2016;23;14;37
3/12/2016;6;3;9
4/12/2016;2;9;11
5/12/2016;19;14;33
6/12/2016;20;11;31
7/12/2016;16;9;25
8/12/2016;2;3;5
9/12/2016;4;8;12
10/12/2016;1;4;5
11/12/2016;1;1;2
12/12/2016;37;15;52
13/12/2016;19;6;25
14/12/2016;34;16;50
15/12/2016;20;8;28
16/12/2016;19;8;27
17/12/2016;1;5;6
18/12/2016;;2;2
19/12/2016;27;10;37
20/12/2016;25;4;29
21/12/2016;23;9;32
22/12/2016;19;8;27
23/12/2016;16;4;20
24/12/2016;1;0;1
26/12/2016;18;12;30
27/12/2016;24;18;42
28/12/2016;20;9;29
29/12/2016;21;14;35
30/12/2016;15;13;28
31/12/2016;2;2;4
2/01/2017;17;4;21
3/01/2017;10;6;16
4/01/2017;18;11;29
5/01/2017;16;8;24
6/01/2017;23;12;35
7/01/2017;2;4;6
8/01/2017;2;0;2
9/01/2017;;1;1
10/01/2017;15;9;24
11/01/2017;16;14;30
12/01/2017;27;9;36
13/01/2017;22;15;37
14/01/2017;3;3;6
15/01/2017;1;3;4
16/01/2017;25;9;34
17/01/2017;25;9;34
18/01/2017;21;18;39
19/01/2017;26;15;41
20/01/2017;18;16;34
21/01/2017;6;6;12
22/01/2017;2;2;4
23/01/2017;26;17;43
24/01/2017;33;16;49
25/01/2017;26;12;38
26/01/2017;13;8;21
27/01/2017;15;11;26
28/01/2017;;3;3
29/01/2017;3;2;5
30/01/2017;14;5;19
31/01/2017;21;10;31
1/02/2017;26;11;37
2/02/2017;25;10;35
3/02/2017;25;7;32
4/02/2017;1;2;3
5/02/2017;3;1;4
6/02/2017;19;9;28
7/02/2017;23;11;34
8/02/2017;16;14;30
9/02/2017;30;17;47
10/02/2017;20;7;27
11/02/2017;2;5;7
12/02/2017;2;3;5
13/02/2017;17;13;30
14/02/2017;21;12;33
15/02/2017;23;19;42
16/02/2017;26;25;51
17/02/2017;20;13;33
18/02/2017;6;3;9
19/02/2017;1;3;4
20/02/2017;36;19;55
21/02/2017;23;22;45
22/02/2017;28;17;45
23/02/2017;19;20;39
24/02/2017;15;13;28
25/02/2017;2;4;6
26/02/2017;1;4;5
27/02/2017;6;27;33
28/02/2017;5;35;40
1/03/2017;4;23;27
2/03/2017;12;17;29
3/03/2017;10;31;41
4/03/2017;;6;6
5/03/2017;;1;1
6/03/2017;8;20;28
7/03/2017;15;40;55
8/03/2017;7;20;27
9/03/2017;9;32;41
10/03/2017;13;41;54
11/03/2017;;10;10
12/03/2017;;1;1
13/03/2017;10;39;49
14/03/2017;14;47;61
15/03/2017;10;46;56
16/03/2017;10;49;59
17/03/2017;11;54;65
18/03/2017;;6;6
19/03/2017;;4;4
20/03/2017;;5;5
21/03/2017;13;43;56
22/03/2017;4;61;65
23/03/2017;10;33;43
24/03/2017;14;27;41
25/03/2017;;16;16
26/03/2017;;6;6
27/03/2017;6;49;55
28/03/2017;18;36;54
29/03/2017;8;30;38
30/03/2017;9;26;35
31/03/2017;8;27;35
1/04/2017;;8;8
2/04/2017;;5;5
3/04/2017;8;24;32
4/04/2017;12;27;39
5/04/2017;3;23;26
6/04/2017;6;25;31
7/04/2017;13;22;35
8/04/2017;;6;6
10/04/2017;7;26;33
11/04/2017;3;26;29
12/04/2017;;18;18
13/04/2017;;2;2
14/04/2017;;3;3
15/04/2017;;5;5
16/04/2017;;2;2
17/04/2017;8;44;52
18/04/2017;2;34;36
19/04/2017;5;22;27
20/04/2017;8;25;33
21/04/2017;7;27;34
22/04/2017;;12;12
23/04/2017;;1;1
24/04/2017;15;31;46
25/04/2017;9;39;48
26/04/2017;3;23;26
27/04/2017;9;40;49
28/04/2017;6;23;29
29/04/2017;;11;11
30/04/2017;;6;6
1/05/2017;;9;9
2/05/2017;12;36;48
3/05/2017;12;33;45
4/05/2017;7;31;38
5/05/2017;6;29;35
6/05/2017;;11;11
7/05/2017;;6;6
8/05/2017;5;38;43
9/05/2017;5;34;39
10/05/2017;6;38;44
11/05/2017;15;45;60
12/05/2017;7;40;47
13/05/2017;;8;8
14/05/2017;;6;6
15/05/2017;16;47;63
16/05/2017;14;32;46
17/05/2017;14;47;61
18/05/2017;9;37;46
19/05/2017;6;35;41
20/05/2017;;12;12
21/05/2017;;9;9
22/05/2017;13;39;52
23/05/2017;12;40;52
24/05/2017;13;46;59
25/05/2017;4;44;48
26/05/2017;12;29;41
27/05/2017;;13;13
28/05/2017;;3;3
29/05/2017;;4;4
30/05/2017;8;42;50
31/05/2017;10;28;38
1/06/2017;4;37;41
2/06/2017;16;33;49
3/06/2017;;7;7
4/06/2017;;4;4
5/06/2017;13;31;44
6/06/2017;14;34;48
7/06/2017;4;27;31
8/06/2017;7;39;46
9/06/2017;6;19;25
10/06/2017;;6;6
11/06/2017;;3;3
12/06/2017;18;45;63
13/06/2017;653;45;698
14/06/2017;715;37;752
15/06/2017;14;33;47
16/06/2017;13;43;56
17/06/2017;;12;12
18/06/2017;;3;3
19/06/2017;;7;7
20/06/2017;10;48;58
21/06/2017;14;49;63
22/06/2017;7;38;45
23/06/2017;733;42;775
24/06/2017;;5;5
25/06/2017;;2;2
26/06/2017;;7;7
27/06/2017;8;36;44
28/06/2017;9;28;37
29/06/2017;5;26;31
30/06/2017;7;28;35
1/07/2017;;13;13
2/07/2017;;4;4
3/07/2017;;6;6
4/07/2017;9;36;45
5/07/2017;11;33;44
6/07/2017;4;39;43
7/07/2017;12;37;49
8/07/2017;;9;9
9/07/2017;;5;5
10/07/2017;16;43;59
11/07/2017;13;41;54
12/07/2017;6;47;53
13/07/2017;5;28;33
14/07/2017;3;27;30
15/07/2017;;16;16
16/07/2017;;4;4
17/07/2017;8;30;38
18/07/2017;10;19;29
19/07/2017;8;54;62
20/07/2017;;9;9
21/07/2017;10;62;72
22/07/2017;;12;12
23/07/2017;;10;10
24/07/2017;13;51;64
25/07/2017;8;39;47
26/07/2017;4;38;42
27/07/2017;9;37;46
28/07/2017;9;33;42
29/07/2017;;19;19
30/07/2017;;4;4
31/07/2017;7;43;50
1/08/2017;27;36;63
2/08/2017;8;29;37
3/08/2017;5;26;31
4/08/2017;11;23;34
5/08/2017;;5;5
6/08/2017;;4;4
7/08/2017;;4;4
8/08/2017;24;51;75
9/08/2017;9;22;31
10/08/2017;4;35;39
11/08/2017;13;38;51
12/08/2017;;14;14
13/08/2017;;6;6
14/08/2017;8;45;53
15/08/2017;9;47;56
16/08/2017;5;44;49
17/08/2017;9;34;43
18/08/2017;9;42;51
19/08/2017;;11;11
20/08/2017;;4;4
21/08/2017;;10;10
22/08/2017;12;57;69
23/08/2017;13;61;74
24/08/2017;7;59;66
25/08/2017;4;36;40
26/08/2017;;12;12
27/08/2017;;8;8
28/08/2017;14;51;65
29/08/2017;11;39;50
30/08/2017;8;36;44
31/08/2017;12;52;64
1/09/2017;13;29;42
2/09/2017;;6;6
3/09/2017;;6;6
4/09/2017;13;41;54
5/09/2017;14;25;39
6/09/2017;9;35;44
7/09/2017;5;38;43
8/09/2017;3;24;27
9/09/2017;;21;21
10/09/2017;;9;9
11/09/2017;10;44;54
12/09/2017;17;58;75
13/09/2017;12;64;76
14/09/2017;7;51;58
15/09/2017;7;32;39
16/09/2017;;12;12
17/09/2017;;11;11
18/09/2017;5;60;65
19/09/2017;6;80;86
20/09/2017;6;56;62
21/09/2017;5;57;62
22/09/2017;2;34;36
23/09/2017;;11;11
24/09/2017;;12;12
25/09/2017;5;62;67
26/09/2017;14;52;66
27/09/2017;16;42;58
28/09/2017;2;40;42
29/09/2017;16;36;52
30/09/2017;;11;11
1/10/2017;;11;11
2/10/2017;7;41;48
3/10/2017;8;45;53
4/10/2017;11;41;52
5/10/2017;7;54;61
6/10/2017;4;57;61
7/10/2017;;17;17
8/10/2017;;14;14
9/10/2017;7;48;55
10/10/2017;7;54;61
11/10/2017;4;70;74
12/10/2017;9;61;70
13/10/2017;6;40;46
14/10/2017;;10;10
15/10/2017;;6;6
16/10/2017;;9;9
17/10/2017;5;44;49
18/10/2017;8;55;63
19/10/2017;12;59;71
20/10/2017;8;36;44
21/10/2017;;14;14
22/10/2017;;8;8
23/10/2017;10;56;66
24/10/2017;7;52;59
25/10/2017;8;58;66
26/10/2017;9;59;68
27/10/2017;13;35;48
28/10/2017;;11;11
29/10/2017;;9;9
30/10/2017;8;55;63
31/10/2017;7;33;40
1/11/2017;6;43;49
2/11/2017;6;39;45
3/11/2017;8;51;59
4/11/2017;;11;11
5/11/2017;;7;7
6/11/2017;;9;9
7/11/2017;10;39;49
8/11/2017;6;65;71
9/11/2017;9;62;71
10/11/2017;7;60;67
11/11/2017;;11;11
12/11/2017;;6;6
13/11/2017;;12;12
14/11/2017;8;57;65
15/11/2017;10;62;72
16/11/2017;12;56;68
17/11/2017;10;72;82
18/11/2017;;12;12
19/11/2017;;12;12
20/11/2017;13;76;89
21/11/2017;8;56;64
22/11/2017;9;65;74
23/11/2017;10;59;69
24/11/2017;6;56;62
25/11/2017;;14;14
26/11/2017;;11;11
27/11/2017;5;43;48
28/11/2017;9;60;69
29/11/2017;8;40;48
30/11/2017;16;49;65
1/12/2017;5;21;26
2/12/2017;;12;12
3/12/2017;;8;8
4/12/2017;8;43;51
5/12/2017;7;44;51
6/12/2017;7;39;46
7/12/2017;7;32;39
11/12/2017;12;41;53
12/12/2017;7;41;48
13/12/2017;4;70;74
14/12/2017;11;48;59
15/12/2017;6;42;48
18/12/2017;4;49;53
19/12/2017;4;37;41
20/12/2017;5;39;44
21/12/2017;6;26;32
22/12/2017;4;20;24
26/12/2017;2;39;41
27/12/2017;3;31;34
28/12/2017;5;21;26
29/12/2017;2;26;28
2/01/2018;3;29;32
3/01/2018;3;19;22
4/01/2018;4;23;27
5/01/2018;;5;5
9/01/2018;6;49;55
10/01/2018;8;33;41
11/01/2018;12;39;51
12/01/2018;11;35;46
15/01/2018;12;37;49
16/01/2018;10;49;59
17/01/2018;13;41;54
18/01/2018;13;51;64
19/01/2018;15;43;58
22/01/2018;11;61;72
23/01/2018;15;47;62
24/01/2018;15;47;62
25/01/2018;10;30;40
26/01/2018;10;33;43
27/01/2018;;1;1
29/01/2018;9;77;86
30/01/2018;9;44;53
31/01/2018;8;39;47
1/02/2018;4;40;44
2/02/2018;10;40;50
5/02/2018;17;41;58
6/02/2018;15;37;52
7/02/2018;11;37;48
8/02/2018;8;39;47
9/02/2018;4;22;26
10/02/2018;;1;1
12/02/2018;5;67;72
13/02/2018;11;65;76
14/02/2018;9;66;75
15/02/2018;22;68;90
16/02/2018;35;85;120
19/02/2018;26;97;123
20/02/2018;27;65;92
21/02/2018;10;58;68
22/02/2018;17;63;80
23/02/2018;16;59;75
26/02/2018;15;65;80
27/02/2018;6;73;79
28/02/2018;17;46;63
1/03/2018;17;41;58
2/03/2018;10;43;53
5/03/2018;4;60;64
6/03/2018;8;69;77
7/03/2018;8;46;54
8/03/2018;5;46;51
9/03/2018;1;39;40
12/03/2018;9;82;91
13/03/2018;21;84;105
14/03/2018;10;71;81
15/03/2018;11;74;85
16/03/2018;14;61;75
20/03/2018;11;97;108
21/03/2018;7;75;82
22/03/2018;12;68;80
23/03/2018;11;64;75
26/03/2018;12;91;103
27/03/2018;13;54;67
28/03/2018;;36;36
2/04/2018;9;81;90
3/04/2018;7;73;80
4/04/2018;9;55;64
5/04/2018;11;63;74
6/04/2018;12;37;49
9/04/2018;6;70;76
10/04/2018;10;56;66
11/04/2018;3;71;74
12/04/2018;7;43;50
13/04/2018;7;51;58
16/04/2018;12;75;87
17/04/2018;11;77;88
18/04/2018;12;81;93
19/04/2018;10;76;86
20/04/2018;11;53;64
23/04/2018;18;94;112
24/04/2018;10;68;78
25/04/2018;6;60;66
26/04/2018;8;56;64
27/04/2018;12;46;58
30/04/2018;8;64;72
2/05/2018;7;76;83
3/05/2018;11;49;60
4/05/2018;9;53;62
7/05/2018;9;67;76
8/05/2018;12;67;79
9/05/2018;11;70;81
10/05/2018;7;58;65
11/05/2018;11;61;72
15/05/2018;11;84;95
16/05/2018;13;83;96
17/05/2018;12;77;89
18/05/2018;5;73;78
19/05/2018;;1;1
21/05/2018;42;110;152
22/05/2018;13;98;111
23/05/2018;7;75;82
24/05/2018;9;72;81
25/05/2018;14;109;123
28/05/2018;10;107;117
29/05/2018;7;82;89
30/05/2018;16;75;91
31/05/2018;14;70;84
1/06/2018;5;50;55
5/06/2018;8;72;80
6/06/2018;10;59;69
7/06/2018;18;53;71
8/06/2018;9;49;58
12/06/2018;8;87;95
13/06/2018;8;90;98
14/06/2018;10;65;75
15/06/2018;13;77;90
18/06/2018;10;135;145
19/06/2018;23;77;100
20/06/2018;25;70;95
21/06/2018;26;76;102
22/06/2018;22;54;76
25/06/2018;32;81;113
26/06/2018;28;62;90
27/06/2018;23;59;82
28/06/2018;18;40;58
29/06/2018;34;42;76
3/07/2018;30;69;99
4/07/2018;22;36;58
5/07/2018;22;35;57
6/07/2018;26;40;66
9/07/2018;23;73;96
10/07/2018;22;73;95
11/07/2018;24;73;97
12/07/2018;28;66;94
13/07/2018;17;55;72
16/07/2018;27;93;120
17/07/2018;24;80;104
18/07/2018;24;71;95
19/07/2018;20;52;72
20/07/2018;;1;1
23/07/2018;26;94;120
24/07/2018;19;67;86
25/07/2018;15;69;84
26/07/2018;21;63;84
27/07/2018;31;39;70
30/07/2018;18;104;122
31/07/2018;29;71;100
1/08/2018;15;55;70
2/08/2018;14;43;57
3/08/2018;18;36;54
6/08/2018;18;58;76
8/08/2018;18;65;83
9/08/2018;14;74;88
10/08/2018;22;20;42
11/08/2018;;3;3
12/08/2018;;14;14
13/08/2018;23;9;32
14/08/2018;21;3;24
15/08/2018;41;8;49
16/08/2018;15;7;22
17/08/2018;24;3;27
21/08/2018;31;4;35
22/08/2018;36;10;46
23/08/2018;27;4;31
24/08/2018;29;4;33
27/08/2018;37;2;39
28/08/2018;38;4;42
29/08/2018;27;4;31
30/08/2018;25;1;26
31/08/2018;20;8;28
1/09/2018;;1;1
3/09/2018;21;27;48
4/09/2018;25;46;71
5/09/2018;28;67;95
6/09/2018;16;62;78
7/09/2018;18;35;53
9/09/2018;;3;3
10/09/2018;26;66;92
11/09/2018;16;71;87
12/09/2018;7;60;67
13/09/2018;19;54;73
14/09/2018;18;45;63
17/09/2018;22;98;120
18/09/2018;17;95;112
19/09/2018;19;5;24
20/09/2018;35;77;112
21/09/2018;24;61;85
24/09/2018;16;85;101
25/09/2018;17;62;79
26/09/2018;18;62;80
27/09/2018;19;48;67
28/09/2018;25;43;68
1/10/2018;33;51;84
2/10/2018;23;48;71
3/10/2018;27;45;72
4/10/2018;15;43;58
5/10/2018;17;34;51
8/10/2018;20;37;57
9/10/2018;19;33;52
10/10/2018;19;34;53
11/10/2018;27;50;77
12/10/2018;24;43;67
16/10/2018;23;76;99
17/10/2018;20;70;90
18/10/2018;27;77;104
19/10/2018;17;16;33
22/10/2018;25;80;105
23/10/2018;31;70;101
24/10/2018;16;78;94
25/10/2018;17;65;82
26/10/2018;23;53;76
29/10/2018;23;84;107
30/10/2018;14;70;84
31/10/2018;14;50;64
1/11/2018;9;36;45
2/11/2018;14;48;62
6/11/2018;10;65;75
7/11/2018;16;54;70
8/11/2018;11;49;60
9/11/2018;11;51;62
13/11/2018;17;94;111
14/11/2018;63;74;137
15/11/2018;16;61;77
16/11/2018;9;48;57
19/11/2018;18;109;127
20/11/2018;23;54;77
21/11/2018;10;69;79
22/11/2018;14;55;69
23/11/2018;17;53;70
24/11/2018;;11;11
25/11/2018;;5;5
26/11/2018;14;37;51
27/11/2018;15;47;62
28/11/2018;11;17;28
29/11/2018;9;5;14
30/11/2018;10;18;28
3/12/2018;27;6;33
4/12/2018;15;12;27
5/12/2018;12;76;88
6/12/2018;12;61;73
7/12/2018;12;34;46
10/12/2018;15;63;78
11/12/2018;12;59;71
12/12/2018;10;59;69
13/12/2018;8;49;57
14/12/2018;14;40;54
17/12/2018;8;56;64
18/12/2018;11;34;45
19/12/2018;10;33;43
20/12/2018;6;28;34
21/12/2018;10;43;53
24/12/2018;;21;21
26/12/2018;10;46;56
27/12/2018;7;44;51
28/12/2018;20;39;59
31/12/2018;1;23;24
2/01/2019;8;40;48
3/01/2019;9;45;54
4/01/2019;9;31;40
8/01/2019;14;49;63
9/01/2019;12;43;55
10/01/2019;4;62;66
11/01/2019;17;55;72
14/01/2019;16;77;93
15/01/2019;14;50;64
16/01/2019;11;29;40
17/01/2019;14;56;70
18/01/2019;13;35;48
21/01/2019;17;92;109
22/01/2019;15;84;99
23/01/2019;20;68;88
24/01/2019;10;57;67
25/01/2019;14;49;63
28/01/2019;21;55;76
29/01/2019;10;54;64
30/01/2019;12;34;46
31/01/2019;7;57;64
1/02/2019;22;39;61
4/02/2019;14;51;65
5/02/2019;14;44;58
6/02/2019;17;41;58
7/02/2019;20;38;58
8/02/2019;14;44;58
11/02/2019;11;99;110
12/02/2019;9;97;106
13/02/2019;16;71;87
14/02/2019;11;67;78
15/02/2019;16;56;72
18/02/2019;21;89;110
19/02/2019;10;52;62
20/02/2019;20;66;86
21/02/2019;11;62;73
22/02/2019;16;43;59
25/02/2019;16;84;100
26/02/2019;14;56;70
27/02/2019;15;59;74
28/02/2019;12;51;63
1/03/2019;19;67;86
4/03/2019;16;71;87
5/03/2019;15;55;70
6/03/2019;8;64;72
7/03/2019;12;66;78
8/03/2019;10;48;58
11/03/2019;18;76;94
12/03/2019;14;107;121
13/03/2019;8;117;125
14/03/2019;21;88;109
15/03/2019;15;84;99
18/03/2019;16;175;191
19/03/2019;19;105;124
20/03/2019;21;91;112
21/03/2019;13;95;108
22/03/2019;20;25;45
26/03/2019;19;98;117
27/03/2019;14;81;95
28/03/2019;13;85;98
29/03/2019;15;55;70
1/04/2019;13;58;71
2/04/2019;23;63;86
3/04/2019;16;51;67
4/04/2019;10;55;65
5/04/2019;12;61;73
8/04/2019;13;70;83
9/04/2019;17;79;96
10/04/2019;10;92;102
11/04/2019;21;86;107
12/04/2019;16;82;98
15/04/2019;18;95;113
16/04/2019;18;70;88
17/04/2019;1;43;44
22/04/2019;12;102;114
23/04/2019;24;62;86
24/04/2019;7;18;25
25/04/2019;8;74;82
26/04/2019;17;63;80
29/04/2019;10;37;47
30/04/2019;13;59;72
2/05/2019;16;63;79
3/05/2019;19;40;59
6/05/2019;9;90;99
7/05/2019;19;42;61
8/05/2019;12;37;49
9/05/2019;14;38;52
10/05/2019;5;41;46
13/05/2019;18;72;90
14/05/2019;23;84;107
15/05/2019;10;78;88
16/05/2019;18;64;82
17/05/2019;18;57;75
20/05/2019;12;124;136
21/05/2019;17;122;139
22/05/2019;13;69;82
23/05/2019;12;75;87
24/05/2019;23;81;104
27/05/2019;19;130;149
28/05/2019;33;94;127
29/05/2019;11;70;81
30/05/2019;21;79;100
31/05/2019;20;53;73
4/06/2019;15;61;76
5/06/2019;15;69;84
6/06/2019;17;61;78
7/06/2019;18;61;79
10/06/2019;13;54;67
11/06/2019;16;86;102
12/06/2019;11;78;89
13/06/2019;15;80;95
14/06/2019;12;71;83
17/06/2019;14;92;106
18/06/2019;16;73;89
19/06/2019;21;80;101
20/06/2019;16;60;76
21/06/2019;17;68;85
25/06/2019;17;83;100
26/06/2019;21;68;89
27/06/2019;14;47;61
28/06/2019;18;45;63
2/07/2019;13;65;78
3/07/2019;20;61;81
4/07/2019;11;46;57
5/07/2019;24;55;79
8/07/2019;14;86;100
9/07/2019;25;73;98
10/07/2019;15;58;73
11/07/2019;15;65;80
12/07/2019;19;45;64
13/07/2019;1;0;1
15/07/2019;20;137;157
16/07/2019;21;118;139
17/07/2019;20;73;93
18/07/2019;22;62;84
19/07/2019;16;55;71
22/07/2019;12;77;89
23/07/2019;13;51;64
24/07/2019;14;56;70
25/07/2019;21;49;70
26/07/2019;15;44;59
29/07/2019;19;72;91
30/07/2019;16;56;72
31/07/2019;18;61;79
1/08/2019;15;48;63
2/08/2019;14;49;63
3/08/2019;;1;1
5/08/2019;18;68;86
6/08/2019;20;66;86
8/08/2019;20;55;75
9/08/2019;14;57;71
10/08/2019;;2;2
12/08/2019;18;122;140
13/08/2019;15;83;98
14/08/2019;10;72;82
15/08/2019;12;64;76
16/08/2019;10;51;61
20/08/2019;14;90;104
21/08/2019;22;63;85
22/08/2019;21;64;85
23/08/2019;13;42;55
26/08/2019;10;74;84
27/08/2019;14;81;95
28/08/2019;16;64;80
29/08/2019;14;47;61
30/08/2019;16;55;71
2/09/2019;15;61;76
3/09/2019;11;66;77
4/09/2019;24;68;92
5/09/2019;19;74;93
6/09/2019;14;57;71
9/09/2019;27;78;105
10/09/2019;22;96;118
11/09/2019;14;71;85
12/09/2019;17;88;105
13/09/2019;20;71;91
16/09/2019;16;70;86
17/09/2019;15;88;103
18/09/2019;15;56;71
19/09/2019;20;60;80
20/09/2019;13;52;65
23/09/2019;18;70;88
24/09/2019;18;66;84
25/09/2019;12;63;75
26/09/2019;18;39;57
27/09/2019;9;34;43
30/09/2019;26;62;88
1/10/2019;15;79;94
2/10/2019;20;79;99
3/10/2019;24;58;82
4/10/2019;16;65;81
7/10/2019;13;69;82
8/10/2019;20;60;80
9/10/2019;16;61;77
10/10/2019;15;90;105
11/10/2019;29;47;76
15/10/2019;21;132;153
16/10/2019;13;119;132
17/10/2019;31;122;153
18/10/2019;33;72;105
21/10/2019;19;83;102
22/10/2019;28;72;100
23/10/2019;13;68;81
24/10/2019;25;77;102
25/10/2019;13;44;57
28/10/2019;21;54;75
29/10/2019;22;56;78
30/10/2019;19;54;73
31/10/2019;12;34;46
1/11/2019;29;33;62
5/11/2019;19;57;76
6/11/2019;15;47;62
7/11/2019;16;52;68
8/11/2019;9;37;46
12/11/2019;15;82;97
13/11/2019;34;74;108
14/11/2019;19;78;97
15/11/2019;20;50;70
18/11/2019;20;65;85
19/11/2019;16;58;74
20/11/2019;13;67;80
21/11/2019;5;56;61
22/11/2019;18;53;71
25/11/2019;21;71;92
26/11/2019;17;60;77
27/11/2019;20;47;67
28/11/2019;16;53;69
29/11/2019;19;42;61
2/12/2019;21;55;76
3/12/2019;19;64;83
4/12/2019;12;62;74
5/12/2019;15;36;51
6/12/2019;7;29;36
9/12/2019;11;60;71
10/12/2019;11;52;63
11/12/2019;19;51;70
12/12/2019;18;52;70
13/12/2019;12;66;78
16/12/2019;11;77;88
17/12/2019;21;63;84
18/12/2019;7;61;68
19/12/2019;16;57;73
20/12/2019;19;40;59
23/12/2019;26;31;57
24/12/2019;;20;20
26/12/2019;16;44;60
27/12/2019;15;42;57
30/12/2019;19;52;71
31/12/2019;3;16;19
2/01/2020;9;46;55
3/01/2020;10;41;51
7/01/2020;7;64;71
8/01/2020;13;59;72
9/01/2020;18;66;84
10/01/2020;13;48;61
13/01/2020;15;74;89
14/01/2020;12;80;92
15/01/2020;9;68;77
16/01/2020;16;56;72
17/01/2020;16;54;70
20/01/2020;11;59;70
21/01/2020;19;82;101
22/01/2020;18;55;73
23/01/2020;13;57;70
24/01/2020;20;67;87
27/01/2020;31;67;98
28/01/2020;11;68;79
29/01/2020;12;51;63
30/01/2020;16;55;71
31/01/2020;23;23;46
3/02/2020;15;63;78
4/02/2020;10;44;54
5/02/2020;18;26;44
6/02/2020;12;54;66
7/02/2020;16;49;65
8/02/2020;;1;1
10/02/2020;20;79;99
11/02/2020;20;61;81
12/02/2020;11;59;70
13/02/2020;23;65;88
14/02/2020;11;66;77
17/02/2020;10;72;82
18/02/2020;14;91;105
19/02/2020;16;50;66
20/02/2020;12;47;59
21/02/2020;13;41;54
24/02/2020;25;72;97
25/02/2020;13;57;70
26/02/2020;22;61;83
27/02/2020;13;54;67
28/02/2020;20;47;67
2/03/2020;24;67;91
3/03/2020;13;58;71
4/03/2020;99;60;159
5/03/2020;19;68;87
6/03/2020;11;54;65
9/03/2020;17;69;86
10/03/2020;23;78;101
11/03/2020;24;85;109
12/03/2020;13;71;84
13/03/2020;14;78;92
16/03/2020;16;95;111
17/03/2020;23;133;156
18/03/2020;22;88;110
19/03/2020;;118;118
20/03/2020;1;91;92
24/03/2020;2;97;99
25/03/2020;2;83;85
26/03/2020;2;86;88
27/03/2020;1;72;73
28/03/2020;;1;1
29/03/2020;1;0;1
30/03/2020;;147;147
31/03/2020;;169;169
1/04/2020;4;174;178
2/04/2020;1;117;118
3/04/2020;;107;107
6/04/2020;2;157;159
7/04/2020;;138;138
8/04/2020;1;154;155
13/04/2020;2;151;153
14/04/2020;1;157;158
15/04/2020;2;112;114
16/04/2020;3;128;131
17/04/2020;4;103;107
20/04/2020;1;227;228
21/04/2020;3;172;175
22/04/2020;;226;226
23/04/2020;7;273;280
24/04/2020;2;200;202
25/04/2020;;1;1
27/04/2020;3;212;215
28/04/2020;1;165;166
29/04/2020;2;145;147
30/04/2020;2;145;147
1/05/2020;;1;1
4/05/2020;4;215;219
5/05/2020;1;171;172
6/05/2020;;146;146
7/05/2020;;125;125
8/05/2020;4;151;155
9/05/2020;;1;1
11/05/2020;2;237;239
12/05/2020;3;232;235
13/05/2020;1;196;197
14/05/2020;;214;214
15/05/2020;6;214;220
16/05/2020;;2;2
18/05/2020;2;363;365
19/05/2020;3;360;363
20/05/2020;6;287;293
21/05/2020;;344;344
22/05/2020;3;428;431
26/05/2020;8;554;562
27/05/2020;5;416;421
28/05/2020;5;383;388
29/05/2020;10;320;330
30/05/2020;;40;40
1/06/2020;6;340;346
2/06/2020;7;392;399
3/06/2020;5;547;552
4/06/2020;5;454;459
5/06/2020;8;423;431
6/06/2020;1;89;90
8/06/2020;8;558;566
9/06/2020;13;520;533
10/06/2020;8;514;522
11/06/2020;7;388;395
12/06/2020;5;330;335
13/06/2020;;1;1
16/06/2020;13;773;786
17/06/2020;12;635;647
18/06/2020;9;512;521
19/06/2020;10;369;379
23/06/2020;8;505;513
24/06/2020;14;456;470
25/06/2020;6;394;400
26/06/2020;31;229;260
28/06/2020;2;2;4
30/06/2020;15;271;286
1/07/2020;16;255;271
2/07/2020;20;338;358
3/07/2020;8;277;285
6/07/2020;18;362;380
7/07/2020;6;317;323
8/07/2020;6;322;328
9/07/2020;11;300;311
10/07/2020;6;259;265
13/07/2020;8;320;328
14/07/2020;8;263;271
15/07/2020;8;258;266
16/07/2020;12;204;216
17/07/2020;6;150;156
21/07/2020;10;365;375
22/07/2020;7;310;317
23/07/2020;8;257;265
24/07/2020;3;289;292
27/07/2020;12;332;344
28/07/2020;13;230;243
29/07/2020;6;189;195
30/07/2020;3;165;168
31/07/2020;10;213;223
3/08/2020;12;273;285
4/08/2020;11;193;204
5/08/2020;15;176;191
6/08/2020;9;122;131
10/08/2020;22;396;418
11/08/2020;4;327;331
12/08/2020;5;264;269
13/08/2020;13;241;254
14/08/2020;5;213;218
18/08/2020;13;316;329
19/08/2020;10;239;249
20/08/2020;12;170;182
21/08/2020;4;195;199
24/08/2020;12;398;410
25/08/2020;5;327;332
26/08/2020;13;290;303
27/08/2020;6;273;279
28/08/2020;15;231;246
31/08/2020;7;273;280
1/09/2020;5;197;202
2/09/2020;15;184;199
3/09/2020;11;135;146
4/09/2020;7;103;110
7/09/2020;23;186;209
8/09/2020;13;212;225
9/09/2020;9;129;138
10/09/2020;12;154;166
11/09/2020;32;73;105
14/09/2020;10;300;310
15/09/2020;15;270;285
16/09/2020;9;235;244
17/09/2020;13;215;228
18/09/2020;21;202;223
21/09/2020;20;330;350
22/09/2020;24;260;284
23/09/2020;8;231;239
24/09/2020;14;204;218
25/09/2020;14;154;168
28/09/2020;13;234;247
29/09/2020;13;213;226
30/09/2020;16;180;196
1/10/2020;10;184;194
2/10/2020;16;155;171
5/10/2020;6;214;220
6/10/2020;24;209;233
7/10/2020;15;210;225
8/10/2020;18;148;166
9/10/2020;17;166;183
13/10/2020;14;175;189
14/10/2020;15;174;189
15/10/2020;16;147;163
16/10/2020;17;168;185
19/10/2020;6;205;211
20/10/2020;12;210;222
21/10/2020;7;194;201
22/10/2020;9;159;168
23/10/2020;7;120;127
26/10/2020;15;161;176
27/10/2020;23;181;204
28/10/2020;11;155;166
29/10/2020;10;161;171
30/10/2020;12;146;158
3/11/2020;9;139;148
4/11/2020;14;142;156
5/11/2020;11;108;119
6/11/2020;10;92;102
9/11/2020;7;132;139
10/11/2020;10;122;132
11/11/2020;11;125;136
12/11/2020;12;109;121
13/11/2020;7;19;26
17/11/2020;15;174;189
18/11/2020;6;122;128
19/11/2020;6;118;124
20/11/2020;10;94;104
23/11/2020;31;165;196
24/11/2020;10;122;132
25/11/2020;13;109;122
26/11/2020;10;167;177
27/11/2020;16;96;112
30/11/2020;14;154;168
1/12/2020;17;121;138
2/12/2020;11;88;99
3/12/2020;7;5;12
4/12/2020;11;129;140
7/12/2020;14;96;110
9/12/2020;10;113;123
10/12/2020;16;105;121
11/12/2020;10;82;92
14/12/2020;7;156;163
15/12/2020;9;128;137
16/12/2020;8;121;129
17/12/2020;9;82;91
18/12/2020;9;78;87
21/12/2020;14;140;154
22/12/2020;10;116;126
23/12/2020;8;101;109
24/12/2020;1;38;39
28/12/2020;8;104;112
29/12/2020;12;98;110
30/12/2020;8;93;101
31/12/2020;;40;40
4/01/2021;8;103;111
5/01/2021;5;84;89
6/01/2021;7;71;78
7/01/2021;11;65;76
8/01/2021;8;68;76
11/01/2021;;1;1
12/01/2021;13;146;159
13/01/2021;8;138;146
14/01/2021;9;104;113
15/01/2021;4;89;93
18/01/2021;17;163;180
19/01/2021;13;126;139
20/01/2021;18;126;144
21/01/2021;8;124;132
22/01/2021;7;102;109
25/01/2021;12;179;191
26/01/2021;6;107;113
27/01/2021;11;117;128
28/01/2021;10;119;129
29/01/2021;16;108;124
1/02/2021;14;117;131
2/02/2021;9;83;92
3/02/2021;10;103;113
4/02/2021;10;86;96
5/02/2021;8;110;118
8/02/2021;12;138;150
9/02/2021;9;69;78
10/02/2021;14;125;139
11/02/2021;11;109;120
12/02/2021;10;84;94
15/02/2021;8;150;158
16/02/2021;12;91;103
17/02/2021;18;128;146
18/02/2021;11;111;122
19/02/2021;12;115;127
20/02/2021;;1;1
22/02/2021;11;135;146
23/02/2021;17;130;147
24/02/2021;15;127;142
25/02/2021;10;92;102
26/02/2021;10;83;93
1/03/2021;10;134;144
2/03/2021;12;99;111
3/03/2021;15;113;128
4/03/2021;16;100;116
5/03/2021;11;116;127
8/03/2021;15;118;133
9/03/2021;14;145;159
10/03/2021;10;127;137
11/03/2021;13;130;143
12/03/2021;7;85;92
15/03/2021;15;170;185
16/03/2021;16;161;177
17/03/2021;8;136;144
18/03/2021;11;92;103
19/03/2021;12;95;107
23/03/2021;15;135;150
24/03/2021;15;142;157
25/03/2021;6;125;131
26/03/2021;12;129;141
29/03/2021;7;102;109
30/03/2021;12;96;108
31/03/2021;;58;58
5/04/2021;9;125;134
6/04/2021;9;115;124
7/04/2021;10;78;88
8/04/2021;13;80;93
9/04/2021;6;88;94
12/04/2021;10;164;174
13/04/2021;10;109;119
14/04/2021;10;110;120
15/04/2021;10;122;132
16/04/2021;2;118;120
19/04/2021;3;166;169
20/04/2021;12;168;180
21/04/2021;14;147;161
22/04/2021;9;147;156
23/04/2021;;139;139
24/04/2021;;1;1
26/04/2021;13;213;226
27/04/2021;8;148;156
28/04/2021;21;146;167
29/04/2021;10;100;110
30/04/2021;1;137;138
3/05/2021;6;124;130
4/05/2021;13;126;139
5/05/2021;6;123;129
6/05/2021;14;122;136
7/05/2021;11;109;120
10/05/2021;4;120;124
11/05/2021;8;118;126
12/05/2021;7;123;130
13/05/2021;11;123;134
14/05/2021;15;144;159
18/05/2021;11;164;175
19/05/2021;10;181;191
20/05/2021;16;120;136
21/05/2021;13;117;130
24/05/2021;10;199;209
25/05/2021;18;162;180
26/05/2021;17;162;179
27/05/2021;15;104;119
28/05/2021;9;113;122
31/05/2021;14;129;143
1/06/2021;9;117;126
2/06/2021;16;126;142
3/06/2021;12;109;121
4/06/2021;11;99;110
8/06/2021;7;125;132
9/06/2021;12;107;119
10/06/2021;19;78;97
11/06/2021;13;114;127
12/06/2021;1;1;2
15/06/2021;16;131;147
16/06/2021;14;106;120
17/06/2021;8;113;121
18/06/2021;14;68;82
19/06/2021;;4;4
20/06/2021;2;1;3
21/06/2021;14;131;145
22/06/2021;10;128;138
23/06/2021;8;126;134
24/06/2021;20;111;131
25/06/2021;17;82;99
28/06/2021;14;102;116
29/06/2021;13;104;117
30/06/2021;9;94;103
1/07/2021;5;79;84
2/07/2021;6;76;82
6/07/2021;14;98;112
7/07/2021;4;99;103
8/07/2021;10;95;105
9/07/2021;19;98;117
12/07/2021;6;123;129
13/07/2021;9;107;116
14/07/2021;13;82;95
15/07/2021;11;80;91
16/07/2021;5;114;119
19/07/2021;16;114;130
21/07/2021;12;93;105
22/07/2021;14;71;85
23/07/2021;13;70;83
26/07/2021;8;92;100
27/07/2021;11;116;127
28/07/2021;13;117;130
29/07/2021;8;96;104
30/07/2021;18;84;102
2/08/2021;10;114;124
3/08/2021;8;90;98
4/08/2021;15;52;67
5/08/2021;12;82;94
6/08/2021;18;89;107
9/08/2021;8;99;107
10/08/2021;14;125;139
11/08/2021;11;109;120
12/08/2021;10;78;88
13/08/2021;9;86;95
17/08/2021;10;120;130
18/08/2021;17;120;137
19/08/2021;7;120;127
20/08/2021;9;110;119
23/08/2021;10;139;149
24/08/2021;17;129;146
25/08/2021;13;102;115
26/08/2021;10;111;121
27/08/2021;11;118;129
30/08/2021;5;148;153
31/08/2021;10;108;118
1/09/2021;8;109;117
2/09/2021;10;107;117
3/09/2021;10;106;116
6/09/2021;13;147;160
7/09/2021;19;146;165
8/09/2021;13;106;119
9/09/2021;7;107;114
10/09/2021;7;66;73
13/09/2021;17;106;123
14/09/2021;15;187;202
15/09/2021;11;125;136
16/09/2021;10;116;126
17/09/2021;13;48;61
20/09/2021;14;195;209
21/09/2021;11;152;163
22/09/2021;14;115;129
23/09/2021;8;88;96
24/09/2021;7;82;89
27/09/2021;14;152;166
28/09/2021;17;111;128
29/09/2021;12;102;114
30/09/2021;7;93;100
1/10/2021;11;62;73
4/10/2021;11;91;102
5/10/2021;16;120;136
6/10/2021;15;106;121
7/10/2021;6;75;81
8/10/2021;7;77;84
11/10/2021;12;154;166
12/10/2021;12;118;130
13/10/2021;8;114;122
14/10/2021;9;99;108
15/10/2021;8;79;87
19/10/2021;15;139;154
20/10/2021;13;123;136
21/10/2021;12;97;109
22/10/2021;13;78;91
25/10/2021;7;128;135
26/10/2021;7;77;84
27/10/2021;8;189;197
28/10/2021;9;106;115
29/10/2021;11;84;95
1/11/2021;;1;1
2/11/2021;10;108;118
3/11/2021;8;93;101
4/11/2021;9;102;111
5/11/2021;4;61;65
8/11/2021;10;123;133
9/11/2021;13;116;129
10/11/2021;10;102;112
11/11/2021;6;97;103
12/11/2021;10;79;89
16/11/2021;11;90;101
17/11/2021;8;88;96
18/11/2021;7;63;70
19/11/2021;13;60;73
22/11/2021;13;94;107
23/11/2021;11;89;100
24/11/2021;13;86;99
25/11/2021;20;96;116
26/11/2021;8;83;91
29/11/2021;22;95;117
30/11/2021;15;96;111
1/12/2021;7;65;72
2/12/2021;10;74;84
3/12/2021;11;54;65
6/12/2021;14;67;81
7/12/2021;7;62;69
9/12/2021;12;80;92
10/12/2021;8;47;55
13/12/2021;15;74;89
14/12/2021;13;63;76
15/12/2021;6;99;105
16/12/2021;3;89;92
17/12/2021;6;56;62
20/12/2021;12;66;78
21/12/2021;13;59;72
22/12/2021;9;74;83
23/12/2021;15;70;85
24/12/2021;2;20;22
27/12/2021;11;66;77
28/12/2021;13;70;83
29/12/2021;2;76;78
30/12/2021;;65;65
31/12/2021;;36;36
